timestamp,junction,lat,lon,current_speed,free_flow_speed,current_travel_time,free_flow_travel_time,confidence,road_closure,timestamp_hour,precipitation_mm,rain_mm,temperature_c,windspeed_kmh,is_monsoon,hour,day_of_week,is_peak_hour
2026-07-10 21:43:48.458304,Kathipara,13.0107,80.2016,22,27,202,164,1.0,False,2026-07-10 21:00:00,0.0,0.0,29.4,17.6,True,21,4,False
2026-07-10 21:43:48.458304,Kelambakkam_OMR,12.7925,80.2183,51,51,1338,1338,1.0,False,2026-07-10 21:00:00,0.0,0.0,29.4,17.6,True,21,4,False
2026-07-10 21:43:48.458304,Chromepet,12.9516,80.1462,28,38,2549,1878,1.0,False,2026-07-10 21:00:00,0.0,0.0,29.4,17.6,True,21,4,False
2026-07-10 21:43:48.458304,Mylapore,13.0339,80.2698,16,17,471,443,0.711723,True,2026-07-10 21:00:00,0.0,0.0,29.4,17.6,True,21,4,False
2026-07-10 21:43:48.458304,Perambur,13.1141,80.2417,19,25,1363,1036,0.995415,False,2026-07-10 21:00:00,0.0,0.0,29.4,17.6,True,21,4,False
2026-07-10 21:43:48.458304,Anna_Nagar_Roundtana,13.085,80.2101,15,15,66,66,1.0,False,2026-07-10 21:00:00,0.0,0.0,29.4,17.6,True,21,4,False
2026-07-10 21:43:48.458304,Thoraipakkam_OMR,12.9407,80.235,20,20,523,523,1.0,False,2026-07-10 21:00:00,0.0,0.0,29.4,17.6,True,21,4,False
2026-07-10 21:43:48.458304,Perungudi_OMR,12.9634,80.2431,25,25,99,99,1.0,False,2026-07-10 21:00:00,0.0,0.0,29.4,17.6,True,21,4,False
2026-07-10 21:43:48.458304,Tambaram,12.9249,80.1,28,28,966,966,1.0,False,2026-07-10 21:00:00,0.0,0.0,29.4,17.6,True,21,4,False
2026-07-10 21:43:48.458304,Velachery_Junction,12.9791,80.2211,27,33,1592,1302,0.998479,False,2026-07-10 21:00:00,0.0,0.0,29.4,17.6,True,21,4,False
2026-07-10 21:43:48.458304,Porur,13.0381,80.1564,13,18,189,136,0.97,False,2026-07-10 21:00:00,0.0,0.0,29.4,17.6,True,21,4,False
2026-07-10 21:43:48.458304,Ashok_Nagar,13.0385,80.2107,35,35,2047,2047,1.0,False,2026-07-10 21:00:00,0.0,0.0,29.4,17.6,True,21,4,False
2026-07-10 21:43:48.458304,Vadapalani,13.0503,80.2121,22,31,376,267,1.0,False,2026-07-10 21:00:00,0.0,0.0,29.4,17.6,True,21,4,False
2026-07-10 21:43:48.458304,Koyambedu,13.0694,80.1948,19,19,231,231,1.0,False,2026-07-10 21:00:00,0.0,0.0,29.4,17.6,True,21,4,False
2026-07-10 21:43:48.458304,Central_Station,13.0827,80.2757,15,26,600,346,1.0,False,2026-07-10 21:00:00,0.0,0.0,29.4,17.6,True,21,4,False
2026-07-10 21:43:48.458304,Egmore,13.0732,80.2609,18,25,2,1,1.0,False,2026-07-10 21:00:00,0.0,0.0,29.4,17.6,True,21,4,False
2026-07-10 21:43:48.458304,Anna_Salai_Teynampet,13.0455,80.25,26,33,1618,1274,0.965813,True,2026-07-10 21:00:00,0.0,0.0,29.4,17.6,True,21,4,False
2026-07-10 21:43:48.458304,T_Nagar_Panagal,13.0418,80.2341,32,32,242,242,1.0,False,2026-07-10 21:00:00,0.0,0.0,29.4,17.6,True,21,4,False
2026-07-10 21:43:48.458304,Guindy,13.0067,80.2206,27,33,1592,1302,0.998479,False,2026-07-10 21:00:00,0.0,0.0,29.4,17.6,True,21,4,False
2026-07-10 21:43:48.458304,Adyar_Signal,13.0064,80.257,16,24,720,480,0.95015,True,2026-07-10 21:00:00,0.0,0.0,29.4,17.6,True,21,4,False
2026-07-10 23:14:53.146700,Perungudi_OMR,12.9634,80.2431,25,25,99,99,1.0,False,2026-07-10 23:00:00,0.0,0.0,29.3,12.6,True,23,4,False
2026-07-10 23:14:53.146700,Thoraipakkam_OMR,12.9407,80.235,20,20,523,523,1.0,False,2026-07-10 23:00:00,0.0,0.0,29.3,12.6,True,23,4,False
2026-07-10 23:14:53.146700,Porur,13.0381,80.1564,19,19,129,129,1.0,False,2026-07-10 23:00:00,0.0,0.0,29.3,12.6,True,23,4,False
2026-07-10 23:14:53.146700,Anna_Nagar_Roundtana,13.085,80.2101,15,15,66,66,1.0,False,2026-07-10 23:00:00,0.0,0.0,29.3,12.6,True,23,4,False
2026-07-10 23:14:53.146700,Kelambakkam_OMR,12.7925,80.2183,51,51,1338,1338,1.0,False,2026-07-10 23:00:00,0.0,0.0,29.3,12.6,True,23,4,False
2026-07-10 23:14:53.146700,Mylapore,13.0339,80.2698,17,17,443,443,0.655358,True,2026-07-10 23:00:00,0.0,0.0,29.3,12.6,True,23,4,False
2026-07-10 23:14:53.146700,Chromepet,12.9516,80.1462,38,38,1878,1878,1.0,False,2026-07-10 23:00:00,0.0,0.0,29.3,12.6,True,23,4,False
2026-07-10 23:14:53.146700,Tambaram,12.9249,80.1,28,28,966,966,1.0,False,2026-07-10 23:00:00,0.0,0.0,29.3,12.6,True,23,4,False
2026-07-10 23:14:53.146700,Perambur,13.1141,80.2417,25,25,1036,1036,1.0,False,2026-07-10 23:00:00,0.0,0.0,29.3,12.6,True,23,4,False
2026-07-10 23:14:53.146700,Velachery_Junction,12.9791,80.2211,32,32,1343,1343,1.0,False,2026-07-10 23:00:00,0.0,0.0,29.3,12.6,True,23,4,False
2026-07-10 23:14:53.146700,Egmore,13.0732,80.2609,25,25,1,1,1.0,False,2026-07-10 23:00:00,0.0,0.0,29.3,12.6,True,23,4,False
2026-07-10 23:14:53.146700,Ashok_Nagar,13.0385,80.2107,35,35,2047,2047,1.0,False,2026-07-10 23:00:00,0.0,0.0,29.3,12.6,True,23,4,False
2026-07-10 23:14:53.146700,Vadapalani,13.0503,80.2121,21,30,394,276,1.0,False,2026-07-10 23:00:00,0.0,0.0,29.3,12.6,True,23,4,False
2026-07-10 23:14:53.146700,Koyambedu,13.0694,80.1948,19,19,231,231,1.0,False,2026-07-10 23:00:00,0.0,0.0,29.3,12.6,True,23,4,False
2026-07-10 23:14:53.146700,Central_Station,13.0827,80.2757,26,26,346,346,1.0,False,2026-07-10 23:00:00,0.0,0.0,29.3,12.6,True,23,4,False
2026-07-10 23:14:53.146700,Anna_Salai_Teynampet,13.0455,80.25,30,33,1402,1274,0.962309,True,2026-07-10 23:00:00,0.0,0.0,29.3,12.6,True,23,4,False
2026-07-10 23:14:53.146700,T_Nagar_Panagal,13.0418,80.2341,32,32,242,242,1.0,False,2026-07-10 23:00:00,0.0,0.0,29.3,12.6,True,23,4,False
2026-07-10 23:14:53.146700,Guindy,13.0067,80.2206,32,32,1343,1343,1.0,False,2026-07-10 23:00:00,0.0,0.0,29.3,12.6,True,23,4,False
2026-07-10 23:14:53.146700,Kathipara,13.0107,80.2016,28,28,158,158,1.0,False,2026-07-10 23:00:00,0.0,0.0,29.3,12.6,True,23,4,False
2026-07-10 23:14:53.146700,Adyar_Signal,13.0064,80.257,22,25,523,460,0.934613,True,2026-07-10 23:00:00,0.0,0.0,29.3,12.6,True,23,4,False
2026-07-11 16:59:03.345004,Perungudi_OMR,12.9634,80.2431,20,25,124,99,0.971884,False,2026-07-11 16:00:00,0.0,0.0,36.0,4.0,True,16,5,False
2026-07-11 16:59:03.345004,Thoraipakkam_OMR,12.9407,80.235,20,20,523,523,1.0,False,2026-07-11 16:00:00,0.0,0.0,36.0,4.0,True,16,5,False
2026-07-11 16:59:03.345004,Porur,13.0381,80.1564,19,19,129,129,1.0,False,2026-07-11 16:00:00,0.0,0.0,36.0,4.0,True,16,5,False
2026-07-11 16:59:03.345004,Anna_Nagar_Roundtana,13.085,80.2101,9,14,110,71,0.99,False,2026-07-11 16:00:00,0.0,0.0,36.0,4.0,True,16,5,False
2026-07-11 16:59:03.345004,Kelambakkam_OMR,12.7925,80.2183,43,51,1587,1338,0.999632,False,2026-07-11 16:00:00,0.0,0.0,36.0,4.0,True,16,5,False
2026-07-11 16:59:03.345004,Mylapore,13.0339,80.2698,14,17,538,443,0.809711,True,2026-07-11 16:00:00,0.0,0.0,36.0,4.0,True,16,5,False
2026-07-11 16:59:03.345004,Chromepet,12.9516,80.1462,27,38,2643,1878,1.0,False,2026-07-11 16:00:00,0.0,0.0,36.0,4.0,True,16,5,False
2026-07-11 16:59:03.345004,Tambaram,12.9249,80.1,28,28,966,966,1.0,False,2026-07-11 16:00:00,0.0,0.0,36.0,4.0,True,16,5,False
2026-07-11 16:59:03.345004,Perambur,13.1141,80.2417,19,25,1363,1036,0.994956,False,2026-07-11 16:00:00,0.0,0.0,36.0,4.0,True,16,5,False
2026-07-11 16:59:03.345004,Velachery_Junction,12.9791,80.2211,25,33,1719,1302,0.996096,False,2026-07-11 16:00:00,0.0,0.0,36.0,4.0,True,16,5,False
2026-07-11 16:59:03.345004,Egmore,13.0732,80.2609,25,25,1,1,1.0,False,2026-07-11 16:00:00,0.0,0.0,36.0,4.0,True,16,5,False
2026-07-11 16:59:03.345004,Ashok_Nagar,13.0385,80.2107,29,35,2471,2047,1.0,False,2026-07-11 16:00:00,0.0,0.0,36.0,4.0,True,16,5,False
2026-07-11 16:59:03.345004,Guindy,13.0067,80.2206,25,33,1719,1302,0.996096,False,2026-07-11 16:00:00,0.0,0.0,36.0,4.0,True,16,5,False
2026-07-11 16:59:03.345004,T_Nagar_Panagal,13.0418,80.2341,32,32,242,242,1.0,False,2026-07-11 16:00:00,0.0,0.0,36.0,4.0,True,16,5,False
2026-07-11 16:59:03.345004,Anna_Salai_Teynampet,13.0455,80.25,24,33,1752,1274,0.968595,True,2026-07-11 16:00:00,0.0,0.0,36.0,4.0,True,16,5,False
2026-07-11 16:59:03.345004,Kathipara,13.0107,80.2016,28,28,158,158,1.0,False,2026-07-11 16:00:00,0.0,0.0,36.0,4.0,True,16,5,False
2026-07-11 16:59:03.345004,Central_Station,13.0827,80.2757,19,26,474,346,0.998753,False,2026-07-11 16:00:00,0.0,0.0,36.0,4.0,True,16,5,False
2026-07-11 16:59:03.345004,Koyambedu,13.0694,80.1948,19,19,231,231,1.0,False,2026-07-11 16:00:00,0.0,0.0,36.0,4.0,True,16,5,False
2026-07-11 16:59:03.345004,Vadapalani,13.0503,80.2121,25,30,331,276,1.0,False,2026-07-11 16:00:00,0.0,0.0,36.0,4.0,True,16,5,False
2026-07-11 16:59:03.345004,Adyar_Signal,13.0064,80.257,17,25,677,460,0.953215,True,2026-07-11 16:00:00,0.0,0.0,36.0,4.0,True,16,5,False
2026-07-11 17:00:25.586892,Tambaram,12.9249,80.1,28,28,966,966,1.0,False,2026-07-11 17:00:00,0.0,0.0,33.5,8.1,True,17,5,True
2026-07-11 17:00:25.586892,Chromepet,12.9516,80.1462,28,38,2549,1878,1.0,False,2026-07-11 17:00:00,0.0,0.0,33.5,8.1,True,17,5,True
2026-07-11 17:00:25.586892,Mylapore,13.0339,80.2698,13,18,580,419,0.816958,True,2026-07-11 17:00:00,0.0,0.0,33.5,8.1,True,17,5,True
2026-07-11 17:00:25.586892,Perambur,13.1141,80.2417,19,25,1363,1036,0.994938,False,2026-07-11 17:00:00,0.0,0.0,33.5,8.1,True,17,5,True
2026-07-11 17:00:25.586892,Anna_Nagar_Roundtana,13.085,80.2101,10,14,99,71,0.99,False,2026-07-11 17:00:00,0.0,0.0,33.5,8.1,True,17,5,True
2026-07-11 17:00:25.586892,Porur,13.0381,80.1564,19,19,129,129,1.0,False,2026-07-11 17:00:00,0.0,0.0,33.5,8.1,True,17,5,True
2026-07-11 17:00:25.586892,Thoraipakkam_OMR,12.9407,80.235,20,20,523,523,1.0,False,2026-07-11 17:00:00,0.0,0.0,33.5,8.1,True,17,5,True
2026-07-11 17:00:25.586892,Perungudi_OMR,12.9634,80.2431,19,25,131,99,0.971884,False,2026-07-11 17:00:00,0.0,0.0,33.5,8.1,True,17,5,True
2026-07-11 17:00:25.586892,Kelambakkam_OMR,12.7925,80.2183,44,51,1551,1338,0.999633,False,2026-07-11 17:00:00,0.0,0.0,33.5,8.1,True,17,5,True
2026-07-11 17:00:25.586892,Velachery_Junction,12.9791,80.2211,24,33,1791,1302,0.996619,False,2026-07-11 17:00:00,0.0,0.0,33.5,8.1,True,17,5,True
2026-07-11 17:00:25.586892,Ashok_Nagar,13.0385,80.2107,30,35,2388,2047,0.99963,False,2026-07-11 17:00:00,0.0,0.0,33.5,8.1,True,17,5,True
2026-07-11 17:00:25.586892,Vadapalani,13.0503,80.2121,26,31,318,267,1.0,False,2026-07-11 17:00:00,0.0,0.0,33.5,8.1,True,17,5,True
2026-07-11 17:00:25.586892,Koyambedu,13.0694,80.1948,19,19,231,231,1.0,False,2026-07-11 17:00:00,0.0,0.0,33.5,8.1,True,17,5,True
2026-07-11 17:00:25.586892,Central_Station,13.0827,80.2757,19,26,474,346,1.0,False,2026-07-11 17:00:00,0.0,0.0,33.5,8.1,True,17,5,True
2026-07-11 17:00:25.586892,Egmore,13.0732,80.2609,25,25,1,1,1.0,False,2026-07-11 17:00:00,0.0,0.0,33.5,8.1,True,17,5,True
2026-07-11 17:00:25.586892,Anna_Salai_Teynampet,13.0455,80.25,24,32,1752,1314,0.968595,True,2026-07-11 17:00:00,0.0,0.0,33.5,8.1,True,17,5,True
2026-07-11 17:00:25.586892,T_Nagar_Panagal,13.0418,80.2341,32,32,242,242,1.0,False,2026-07-11 17:00:00,0.0,0.0,33.5,8.1,True,17,5,True
2026-07-11 17:00:25.586892,Guindy,13.0067,80.2206,24,33,1791,1302,0.996619,False,2026-07-11 17:00:00,0.0,0.0,33.5,8.1,True,17,5,True
2026-07-11 17:00:25.586892,Kathipara,13.0107,80.2016,26,29,171,153,0.995573,False,2026-07-11 17:00:00,0.0,0.0,33.5,8.1,True,17,5,True
2026-07-11 17:00:25.586892,Adyar_Signal,13.0064,80.257,15,25,768,460,0.953375,True,2026-07-11 17:00:00,0.0,0.0,33.5,8.1,True,17,5,True
2026-07-11 17:05:25.582839,Perungudi_OMR,12.9634,80.2431,25,25,99,99,1.0,False,2026-07-11 17:00:00,0.0,0.0,33.5,8.1,True,17,5,True
2026-07-11 17:05:25.582839,Thoraipakkam_OMR,12.9407,80.235,20,20,523,523,1.0,False,2026-07-11 17:00:00,0.0,0.0,33.5,8.1,True,17,5,True
2026-07-11 17:05:25.582839,Porur,13.0381,80.1564,19,19,129,129,1.0,False,2026-07-11 17:00:00,0.0,0.0,33.5,8.1,True,17,5,True
2026-07-11 17:05:25.582839,Anna_Nagar_Roundtana,13.085,80.2101,8,15,124,66,0.99,False,2026-07-11 17:00:00,0.0,0.0,33.5,8.1,True,17,5,True
2026-07-11 17:05:25.582839,Tambaram,12.9249,80.1,28,28,966,966,1.0,False,2026-07-11 17:00:00,0.0,0.0,33.5,8.1,True,17,5,True
2026-07-11 17:05:25.582839,Mylapore,13.0339,80.2698,14,17,538,443,0.825084,True,2026-07-11 17:00:00,0.0,0.0,33.5,8.1,True,17,5,True
2026-07-11 17:05:25.582839,Chromepet,12.9516,80.1462,27,38,2643,1878,1.0,False,2026-07-11 17:00:00,0.0,0.0,33.5,8.1,True,17,5,True
2026-07-11 17:05:25.582839,Kelambakkam_OMR,12.7925,80.2183,43,51,1587,1338,0.999711,False,2026-07-11 17:00:00,0.0,0.0,33.5,8.1,True,17,5,True
2026-07-11 17:05:25.582839,Perambur,13.1141,80.2417,19,24,1363,1079,0.995879,False,2026-07-11 17:00:00,0.0,0.0,33.5,8.1,True,17,5,True
2026-07-11 17:05:25.582839,Velachery_Junction,12.9791,80.2211,25,33,1719,1302,0.996459,False,2026-07-11 17:00:00,0.0,0.0,33.5,8.1,True,17,5,True
2026-07-11 17:05:25.582839,Adyar_Signal,13.0064,80.257,16,25,720,460,0.955049,True,2026-07-11 17:00:00,0.0,0.0,33.5,8.1,True,17,5,True
2026-07-11 17:05:25.582839,Ashok_Nagar,13.0385,80.2107,28,35,2559,2047,1.0,False,2026-07-11 17:00:00,0.0,0.0,33.5,8.1,True,17,5,True
2026-07-11 17:05:25.582839,Vadapalani,13.0503,80.2121,22,30,376,276,1.0,False,2026-07-11 17:00:00,0.0,0.0,33.5,8.1,True,17,5,True
2026-07-11 17:05:25.582839,Koyambedu,13.0694,80.1948,19,19,231,231,1.0,False,2026-07-11 17:00:00,0.0,0.0,33.5,8.1,True,17,5,True
2026-07-11 17:05:25.582839,Central_Station,13.0827,80.2757,20,25,450,360,1.0,False,2026-07-11 17:00:00,0.0,0.0,33.5,8.1,True,17,5,True
2026-07-11 17:05:25.582839,Egmore,13.0732,80.2609,19,25,2,1,1.0,False,2026-07-11 17:00:00,0.0,0.0,33.5,8.1,True,17,5,True
2026-07-11 17:05:25.582839,Anna_Salai_Teynampet,13.0455,80.25,24,33,1752,1274,0.968595,True,2026-07-11 17:00:00,0.0,0.0,33.5,8.1,True,17,5,True
2026-07-11 17:05:25.582839,T_Nagar_Panagal,13.0418,80.2341,27,31,287,250,1.0,False,2026-07-11 17:00:00,0.0,0.0,33.5,8.1,True,17,5,True
2026-07-11 17:05:25.582839,Guindy,13.0067,80.2206,25,33,1719,1302,0.996459,False,2026-07-11 17:00:00,0.0,0.0,33.5,8.1,True,17,5,True
2026-07-11 17:05:25.582839,Kathipara,13.0107,80.2016,28,28,158,158,1.0,False,2026-07-11 17:00:00,0.0,0.0,33.5,8.1,True,17,5,True
2026-07-11 17:09:02.777906,Perungudi_OMR,12.9634,80.2431,18,25,138,99,0.98,False,2026-07-11 17:00:00,0.0,0.0,33.5,8.1,True,17,5,True
2026-07-11 17:09:02.777906,Thoraipakkam_OMR,12.9407,80.235,20,20,523,523,1.0,False,2026-07-11 17:00:00,0.0,0.0,33.5,8.1,True,17,5,True
2026-07-11 17:09:02.777906,Porur,13.0381,80.1564,19,19,129,129,1.0,False,2026-07-11 17:00:00,0.0,0.0,33.5,8.1,True,17,5,True
2026-07-11 17:09:02.777906,Anna_Nagar_Roundtana,13.085,80.2101,8,15,124,66,0.99,False,2026-07-11 17:00:00,0.0,0.0,33.5,8.1,True,17,5,True
2026-07-11 17:09:02.777906,Kelambakkam_OMR,12.7925,80.2183,44,51,1551,1338,0.999687,False,2026-07-11 17:00:00,0.0,0.0,33.5,8.1,True,17,5,True
2026-07-11 17:09:02.777906,Mylapore,13.0339,80.2698,13,17,580,443,0.819487,True,2026-07-11 17:00:00,0.0,0.0,33.5,8.1,True,17,5,True
2026-07-11 17:09:02.777906,Chromepet,12.9516,80.1462,28,38,2549,1878,1.0,False,2026-07-11 17:00:00,0.0,0.0,33.5,8.1,True,17,5,True
2026-07-11 17:09:02.777906,Tambaram,12.9249,80.1,24,28,1127,966,0.984078,False,2026-07-11 17:00:00,0.0,0.0,33.5,8.1,True,17,5,True
2026-07-11 17:09:02.777906,Perambur,13.1141,80.2417,20,25,1295,1036,0.993821,False,2026-07-11 17:00:00,0.0,0.0,33.5,8.1,True,17,5,True
2026-07-11 17:09:02.777906,Velachery_Junction,12.9791,80.2211,24,33,1791,1302,0.996798,False,2026-07-11 17:00:00,0.0,0.0,33.5,8.1,True,17,5,True
2026-07-11 17:09:02.777906,Adyar_Signal,13.0064,80.257,17,25,677,460,0.954025,True,2026-07-11 17:00:00,0.0,0.0,33.5,8.1,True,17,5,True
2026-07-11 17:09:02.777906,Ashok_Nagar,13.0385,80.2107,28,35,2559,2047,1.0,False,2026-07-11 17:00:00,0.0,0.0,33.5,8.1,True,17,5,True
2026-07-11 17:09:02.777906,Guindy,13.0067,80.2206,24,33,1791,1302,0.996798,False,2026-07-11 17:00:00,0.0,0.0,33.5,8.1,True,17,5,True
2026-07-11 17:09:02.777906,T_Nagar_Panagal,13.0418,80.2341,25,32,310,242,1.0,False,2026-07-11 17:00:00,0.0,0.0,33.5,8.1,True,17,5,True
2026-07-11 17:09:02.777906,Anna_Salai_Teynampet,13.0455,80.25,24,32,1752,1314,0.968114,True,2026-07-11 17:00:00,0.0,0.0,33.5,8.1,True,17,5,True
2026-07-11 17:09:02.777906,Kathipara,13.0107,80.2016,28,28,158,158,1.0,False,2026-07-11 17:00:00,0.0,0.0,33.5,8.1,True,17,5,True
2026-07-11 17:09:02.777906,Central_Station,13.0827,80.2757,19,26,474,346,1.0,False,2026-07-11 17:00:00,0.0,0.0,33.5,8.1,True,17,5,True
2026-07-11 17:09:02.777906,Koyambedu,13.0694,80.1948,16,18,274,243,0.976293,False,2026-07-11 17:00:00,0.0,0.0,33.5,8.1,True,17,5,True
2026-07-11 17:09:02.777906,Vadapalani,13.0503,80.2121,24,31,345,267,1.0,False,2026-07-11 17:00:00,0.0,0.0,33.5,8.1,True,17,5,True
2026-07-11 17:09:02.777906,Egmore,13.0732,80.2609,25,25,1,1,1.0,False,2026-07-11 17:00:00,0.0,0.0,33.5,8.1,True,17,5,True
2026-07-11 17:10:25.625133,Tambaram,12.9249,80.1,24,29,1127,933,0.987633,False,2026-07-11 17:00:00,0.0,0.0,33.5,8.1,True,17,5,True
2026-07-11 17:10:25.625133,Kelambakkam_OMR,12.7925,80.2183,43,50,1587,1365,0.999687,False,2026-07-11 17:00:00,0.0,0.0,33.5,8.1,True,17,5,True
2026-07-11 17:10:25.625133,Chromepet,12.9516,80.1462,28,38,2549,1878,1.0,False,2026-07-11 17:00:00,0.0,0.0,33.5,8.1,True,17,5,True
2026-07-11 17:10:25.625133,Mylapore,13.0339,80.2698,14,17,538,443,0.819487,True,2026-07-11 17:00:00,0.0,0.0,33.5,8.1,True,17,5,True
2026-07-11 17:10:25.625133,Perambur,13.1141,80.2417,19,25,1363,1036,0.993821,False,2026-07-11 17:00:00,0.0,0.0,33.5,8.1,True,17,5,True
2026-07-11 17:10:25.625133,Porur,13.0381,80.1564,19,19,129,129,1.0,False,2026-07-11 17:00:00,0.0,0.0,33.5,8.1,True,17,5,True
2026-07-11 17:10:25.625133,Thoraipakkam_OMR,12.9407,80.235,20,20,523,523,1.0,False,2026-07-11 17:00:00,0.0,0.0,33.5,8.1,True,17,5,True
2026-07-11 17:10:25.625133,Perungudi_OMR,12.9634,80.2431,18,25,138,99,0.98,False,2026-07-11 17:00:00,0.0,0.0,33.5,8.1,True,17,5,True
2026-07-11 17:10:25.625133,Velachery_Junction,12.9791,80.2211,25,33,1719,1302,0.996719,False,2026-07-11 17:00:00,0.0,0.0,33.5,8.1,True,17,5,True
2026-07-11 17:10:25.625133,Anna_Nagar_Roundtana,13.085,80.2101,8,16,124,62,1.0,False,2026-07-11 17:00:00,0.0,0.0,33.5,8.1,True,17,5,True
2026-07-11 17:10:25.625133,Ashok_Nagar,13.0385,80.2107,28,35,2559,2047,0.999858,False,2026-07-11 17:00:00,0.0,0.0,33.5,8.1,True,17,5,True
2026-07-11 17:10:25.625133,Adyar_Signal,13.0064,80.257,15,25,768,460,0.954022,True,2026-07-11 17:00:00,0.0,0.0,33.5,8.1,True,17,5,True
2026-07-11 17:10:25.625133,Guindy,13.0067,80.2206,25,33,1719,1302,0.996719,False,2026-07-11 17:00:00,0.0,0.0,33.5,8.1,True,17,5,True
2026-07-11 17:10:25.625133,T_Nagar_Panagal,13.0418,80.2341,24,31,323,250,1.0,False,2026-07-11 17:00:00,0.0,0.0,33.5,8.1,True,17,5,True
2026-07-11 17:10:25.625133,Anna_Salai_Teynampet,13.0455,80.25,24,33,1752,1274,0.968145,True,2026-07-11 17:00:00,0.0,0.0,33.5,8.1,True,17,5,True
2026-07-11 17:10:25.625133,Kathipara,13.0107,80.2016,28,28,158,158,1.0,False,2026-07-11 17:00:00,0.0,0.0,33.5,8.1,True,17,5,True
2026-07-11 17:10:25.625133,Egmore,13.0732,80.2609,25,25,1,1,1.0,False,2026-07-11 17:00:00,0.0,0.0,33.5,8.1,True,17,5,True
2026-07-11 17:10:25.625133,Central_Station,13.0827,80.2757,18,26,500,346,1.0,False,2026-07-11 17:00:00,0.0,0.0,33.5,8.1,True,17,5,True
2026-07-11 17:10:25.625133,Koyambedu,13.0694,80.1948,16,18,274,243,0.976293,False,2026-07-11 17:00:00,0.0,0.0,33.5,8.1,True,17,5,True
2026-07-11 17:10:25.625133,Vadapalani,13.0503,80.2121,24,30,345,276,1.0,False,2026-07-11 17:00:00,0.0,0.0,33.5,8.1,True,17,5,True
2026-07-11 17:16:39.050969,Tambaram,12.9249,80.1,28,28,966,966,1.0,False,2026-07-11 17:00:00,0.0,0.0,33.5,8.1,True,17,5,True
2026-07-11 17:16:39.050969,Chromepet,12.9516,80.1462,28,38,2549,1878,1.0,False,2026-07-11 17:00:00,0.0,0.0,33.5,8.1,True,17,5,True
2026-07-11 17:16:39.050969,Mylapore,13.0339,80.2698,12,18,628,419,0.776975,True,2026-07-11 17:00:00,0.0,0.0,33.5,8.1,True,17,5,True
2026-07-11 17:16:39.050969,Perambur,13.1141,80.2417,18,25,1439,1036,0.994563,False,2026-07-11 17:00:00,0.0,0.0,33.5,8.1,True,17,5,True
2026-07-11 17:16:39.050969,Anna_Nagar_Roundtana,13.085,80.2101,6,19,166,52,0.993395,False,2026-07-11 17:00:00,0.0,0.0,33.5,8.1,True,17,5,True
2026-07-11 17:16:39.050969,Thoraipakkam_OMR,12.9407,80.235,20,20,523,523,1.0,False,2026-07-11 17:00:00,0.0,0.0,33.5,8.1,True,17,5,True
2026-07-11 17:16:39.050969,Perungudi_OMR,12.9634,80.2431,20,25,124,99,0.98,False,2026-07-11 17:00:00,0.0,0.0,33.5,8.1,True,17,5,True
2026-07-11 17:16:39.050969,Kelambakkam_OMR,12.7925,80.2183,42,51,1625,1338,0.999756,False,2026-07-11 17:00:00,0.0,0.0,33.5,8.1,True,17,5,True
2026-07-11 17:16:39.050969,Velachery_Junction,12.9791,80.2211,24,33,1791,1302,0.992166,False,2026-07-11 17:00:00,0.0,0.0,33.5,8.1,True,17,5,True
2026-07-11 17:16:39.050969,Porur,13.0381,80.1564,12,19,205,129,0.99,False,2026-07-11 17:00:00,0.0,0.0,33.5,8.1,True,17,5,True
2026-07-11 17:16:39.050969,Ashok_Nagar,13.0385,80.2107,28,35,2559,2047,0.999115,False,2026-07-11 17:00:00,0.0,0.0,33.5,8.1,True,17,5,True
2026-07-11 17:16:39.050969,Vadapalani,13.0503,80.2121,23,31,360,267,1.0,False,2026-07-11 17:00:00,0.0,0.0,33.5,8.1,True,17,5,True
2026-07-11 17:16:39.050969,Koyambedu,13.0694,80.1948,19,19,231,231,1.0,False,2026-07-11 17:00:00,0.0,0.0,33.5,8.1,True,17,5,True
2026-07-11 17:16:39.050969,Central_Station,13.0827,80.2757,16,25,563,360,1.0,False,2026-07-11 17:00:00,0.0,0.0,33.5,8.1,True,17,5,True
2026-07-11 17:16:39.050969,Egmore,13.0732,80.2609,17,24,2,1,1.0,False,2026-07-11 17:00:00,0.0,0.0,33.5,8.1,True,17,5,True
2026-07-11 17:16:39.050969,Anna_Salai_Teynampet,13.0455,80.25,23,32,1829,1314,0.967966,True,2026-07-11 17:00:00,0.0,0.0,33.5,8.1,True,17,5,True
2026-07-11 17:16:39.050969,T_Nagar_Panagal,13.0418,80.2341,24,32,323,242,1.0,False,2026-07-11 17:00:00,0.0,0.0,33.5,8.1,True,17,5,True
2026-07-11 17:16:39.050969,Guindy,13.0067,80.2206,24,33,1791,1302,0.992655,False,2026-07-11 17:00:00,0.0,0.0,33.5,8.1,True,17,5,True
2026-07-11 17:16:39.050969,Kathipara,13.0107,80.2016,24,28,185,158,0.991146,False,2026-07-11 17:00:00,0.0,0.0,33.5,8.1,True,17,5,True
2026-07-11 17:16:39.050969,Adyar_Signal,13.0064,80.257,18,25,640,460,0.953375,True,2026-07-11 17:00:00,0.0,0.0,33.5,8.1,True,17,5,True
2026-07-11 17:16:43.394860,Ashok_Nagar,13.0385,80.2107,28,35,2559,2047,0.999115,False,2026-07-11 17:00:00,0.0,0.0,33.5,8.1,True,17,5,True
2026-07-11 17:16:43.394860,Vadapalani,13.0503,80.2121,23,31,360,267,1.0,False,2026-07-11 17:00:00,0.0,0.0,33.5,8.1,True,17,5,True
2026-07-11 17:16:43.394860,Koyambedu,13.0694,80.1948,19,19,231,231,1.0,False,2026-07-11 17:00:00,0.0,0.0,33.5,8.1,True,17,5,True
2026-07-11 17:16:43.394860,T_Nagar_Panagal,13.0418,80.2341,24,32,323,242,1.0,False,2026-07-11 17:00:00,0.0,0.0,33.5,8.1,True,17,5,True
2026-07-11 17:16:43.394860,Egmore,13.0732,80.2609,17,24,2,1,1.0,False,2026-07-11 17:00:00,0.0,0.0,33.5,8.1,True,17,5,True
2026-07-11 17:16:43.394860,Anna_Salai_Teynampet,13.0455,80.25,23,32,1829,1314,0.967966,True,2026-07-11 17:00:00,0.0,0.0,33.5,8.1,True,17,5,True
2026-07-11 17:16:43.394860,Adyar_Signal,13.0064,80.257,18,25,640,460,0.953375,True,2026-07-11 17:00:00,0.0,0.0,33.5,8.1,True,17,5,True
2026-07-11 17:16:43.394860,Central_Station,13.0827,80.2757,17,26,529,346,1.0,False,2026-07-11 17:00:00,0.0,0.0,33.5,8.1,True,17,5,True
2026-07-11 17:16:43.394860,Velachery_Junction,12.9791,80.2211,24,33,1791,1302,0.992166,False,2026-07-11 17:00:00,0.0,0.0,33.5,8.1,True,17,5,True
2026-07-11 17:16:43.394860,Anna_Nagar_Roundtana,13.085,80.2101,6,19,166,52,0.993395,False,2026-07-11 17:00:00,0.0,0.0,33.5,8.1,True,17,5,True
2026-07-11 17:16:43.394860,Perungudi_OMR,12.9634,80.2431,20,25,124,99,0.98,False,2026-07-11 17:00:00,0.0,0.0,33.5,8.1,True,17,5,True
2026-07-11 17:16:43.394860,Thoraipakkam_OMR,12.9407,80.235,20,20,523,523,1.0,False,2026-07-11 17:00:00,0.0,0.0,33.5,8.1,True,17,5,True
2026-07-11 17:16:43.394860,Porur,13.0381,80.1564,12,19,205,129,0.99,False,2026-07-11 17:00:00,0.0,0.0,33.5,8.1,True,17,5,True
2026-07-11 17:16:43.394860,Perambur,13.1141,80.2417,18,25,1439,1036,0.994563,False,2026-07-11 17:00:00,0.0,0.0,33.5,8.1,True,17,5,True
2026-07-11 17:16:43.394860,Mylapore,13.0339,80.2698,12,18,628,419,0.776975,True,2026-07-11 17:00:00,0.0,0.0,33.5,8.1,True,17,5,True
2026-07-11 17:16:43.394860,Chromepet,12.9516,80.1462,28,38,2549,1878,1.0,False,2026-07-11 17:00:00,0.0,0.0,33.5,8.1,True,17,5,True
2026-07-11 17:16:43.394860,Kelambakkam_OMR,12.7925,80.2183,42,51,1625,1338,0.999756,False,2026-07-11 17:00:00,0.0,0.0,33.5,8.1,True,17,5,True
2026-07-11 17:16:43.394860,Guindy,13.0067,80.2206,24,33,1791,1302,0.992655,False,2026-07-11 17:00:00,0.0,0.0,33.5,8.1,True,17,5,True
2026-07-11 17:16:43.394860,Tambaram,12.9249,80.1,28,28,966,966,1.0,False,2026-07-11 17:00:00,0.0,0.0,33.5,8.1,True,17,5,True
2026-07-11 17:16:43.394860,Kathipara,13.0107,80.2016,24,28,185,158,0.991146,False,2026-07-11 17:00:00,0.0,0.0,33.5,8.1,True,17,5,True
2026-07-11 17:16:43.862726,Adyar_Signal,13.0064,80.257,18,25,640,460,0.953375,True,2026-07-11 17:00:00,0.0,0.0,33.5,8.1,True,17,5,True
2026-07-11 17:16:43.862726,Chromepet,12.9516,80.1462,28,38,2549,1878,1.0,False,2026-07-11 17:00:00,0.0,0.0,33.5,8.1,True,17,5,True
2026-07-11 17:16:43.862726,Kathipara,13.0107,80.2016,24,28,185,158,0.991146,False,2026-07-11 17:00:00,0.0,0.0,33.5,8.1,True,17,5,True
2026-07-11 17:16:43.862726,Guindy,13.0067,80.2206,24,33,1791,1302,0.992655,False,2026-07-11 17:00:00,0.0,0.0,33.5,8.1,True,17,5,True
2026-07-11 17:16:43.862726,T_Nagar_Panagal,13.0418,80.2341,24,32,323,242,1.0,False,2026-07-11 17:00:00,0.0,0.0,33.5,8.1,True,17,5,True
2026-07-11 17:16:43.862726,Anna_Salai_Teynampet,13.0455,80.25,23,32,1829,1314,0.967966,True,2026-07-11 17:00:00,0.0,0.0,33.5,8.1,True,17,5,True
2026-07-11 17:16:43.862726,Central_Station,13.0827,80.2757,17,26,529,346,1.0,False,2026-07-11 17:00:00,0.0,0.0,33.5,8.1,True,17,5,True
2026-07-11 17:16:43.862726,Koyambedu,13.0694,80.1948,19,19,231,231,1.0,False,2026-07-11 17:00:00,0.0,0.0,33.5,8.1,True,17,5,True
2026-07-11 17:16:43.862726,Vadapalani,13.0503,80.2121,23,31,360,267,1.0,False,2026-07-11 17:00:00,0.0,0.0,33.5,8.1,True,17,5,True
2026-07-11 17:16:43.862726,Ashok_Nagar,13.0385,80.2107,28,35,2559,2047,0.999115,False,2026-07-11 17:00:00,0.0,0.0,33.5,8.1,True,17,5,True
2026-07-11 17:16:43.862726,Egmore,13.0732,80.2609,17,24,2,1,1.0,False,2026-07-11 17:00:00,0.0,0.0,33.5,8.1,True,17,5,True
2026-07-11 17:16:43.862726,Velachery_Junction,12.9791,80.2211,24,33,1791,1302,0.992166,False,2026-07-11 17:00:00,0.0,0.0,33.5,8.1,True,17,5,True
2026-07-11 17:16:43.862726,Tambaram,12.9249,80.1,28,28,966,966,1.0,False,2026-07-11 17:00:00,0.0,0.0,33.5,8.1,True,17,5,True
2026-07-11 17:16:43.862726,Perungudi_OMR,12.9634,80.2431,20,25,124,99,0.98,False,2026-07-11 17:00:00,0.0,0.0,33.5,8.1,True,17,5,True
2026-07-11 17:16:43.862726,Thoraipakkam_OMR,12.9407,80.235,20,20,523,523,1.0,False,2026-07-11 17:00:00,0.0,0.0,33.5,8.1,True,17,5,True
2026-07-11 17:16:43.862726,Porur,13.0381,80.1564,12,19,205,129,0.99,False,2026-07-11 17:00:00,0.0,0.0,33.5,8.1,True,17,5,True
2026-07-11 17:16:43.862726,Anna_Nagar_Roundtana,13.085,80.2101,6,19,166,52,0.993395,False,2026-07-11 17:00:00,0.0,0.0,33.5,8.1,True,17,5,True
2026-07-11 17:16:43.862726,Perambur,13.1141,80.2417,18,25,1439,1036,0.994563,False,2026-07-11 17:00:00,0.0,0.0,33.5,8.1,True,17,5,True
2026-07-11 17:16:43.862726,Mylapore,13.0339,80.2698,12,18,628,419,0.776975,True,2026-07-11 17:00:00,0.0,0.0,33.5,8.1,True,17,5,True
2026-07-11 17:16:43.862726,Kelambakkam_OMR,12.7925,80.2183,42,51,1625,1338,0.999756,False,2026-07-11 17:00:00,0.0,0.0,33.5,8.1,True,17,5,True
2026-07-11 17:16:51.382709,Perungudi_OMR,12.9634,80.2431,20,25,124,99,0.98,False,2026-07-11 17:00:00,0.0,0.0,33.5,8.1,True,17,5,True
2026-07-11 17:16:51.382709,Thoraipakkam_OMR,12.9407,80.235,20,20,523,523,1.0,False,2026-07-11 17:00:00,0.0,0.0,33.5,8.1,True,17,5,True
2026-07-11 17:16:51.382709,Porur,13.0381,80.1564,12,19,205,129,0.99,False,2026-07-11 17:00:00,0.0,0.0,33.5,8.1,True,17,5,True
2026-07-11 17:16:51.382709,Anna_Nagar_Roundtana,13.085,80.2101,6,19,166,52,0.993395,False,2026-07-11 17:00:00,0.0,0.0,33.5,8.1,True,17,5,True
2026-07-11 17:16:51.382709,Kelambakkam_OMR,12.7925,80.2183,42,51,1625,1338,0.999756,False,2026-07-11 17:00:00,0.0,0.0,33.5,8.1,True,17,5,True
2026-07-11 17:16:51.382709,Mylapore,13.0339,80.2698,12,18,628,419,0.776975,True,2026-07-11 17:00:00,0.0,0.0,33.5,8.1,True,17,5,True
2026-07-11 17:16:51.382709,Chromepet,12.9516,80.1462,28,38,2549,1878,1.0,False,2026-07-11 17:00:00,0.0,0.0,33.5,8.1,True,17,5,True
2026-07-11 17:16:51.382709,Tambaram,12.9249,80.1,28,28,966,966,1.0,False,2026-07-11 17:00:00,0.0,0.0,33.5,8.1,True,17,5,True
2026-07-11 17:16:51.382709,Perambur,13.1141,80.2417,18,25,1439,1036,0.994563,False,2026-07-11 17:00:00,0.0,0.0,33.5,8.1,True,17,5,True
2026-07-11 17:16:51.382709,Velachery_Junction,12.9791,80.2211,24,33,1791,1302,0.992166,False,2026-07-11 17:00:00,0.0,0.0,33.5,8.1,True,17,5,True
2026-07-11 17:16:51.382709,Central_Station,13.0827,80.2757,17,26,529,346,1.0,False,2026-07-11 17:00:00,0.0,0.0,33.5,8.1,True,17,5,True
2026-07-11 17:16:51.382709,Ashok_Nagar,13.0385,80.2107,28,35,2559,2047,0.999115,False,2026-07-11 17:00:00,0.0,0.0,33.5,8.1,True,17,5,True
2026-07-11 17:16:51.382709,Vadapalani,13.0503,80.2121,23,31,360,267,1.0,False,2026-07-11 17:00:00,0.0,0.0,33.5,8.1,True,17,5,True
2026-07-11 17:16:51.382709,Koyambedu,13.0694,80.1948,19,19,231,231,1.0,False,2026-07-11 17:00:00,0.0,0.0,33.5,8.1,True,17,5,True
2026-07-11 17:16:51.382709,Egmore,13.0732,80.2609,17,24,2,1,1.0,False,2026-07-11 17:00:00,0.0,0.0,33.5,8.1,True,17,5,True
2026-07-11 17:16:51.382709,Anna_Salai_Teynampet,13.0455,80.25,23,32,1829,1314,0.968595,True,2026-07-11 17:00:00,0.0,0.0,33.5,8.1,True,17,5,True
2026-07-11 17:16:51.382709,T_Nagar_Panagal,13.0418,80.2341,24,32,323,242,1.0,False,2026-07-11 17:00:00,0.0,0.0,33.5,8.1,True,17,5,True
2026-07-11 17:16:51.382709,Guindy,13.0067,80.2206,24,33,1791,1302,0.992166,False,2026-07-11 17:00:00,0.0,0.0,33.5,8.1,True,17,5,True
2026-07-11 17:16:51.382709,Kathipara,13.0107,80.2016,28,28,158,158,1.0,False,2026-07-11 17:00:00,0.0,0.0,33.5,8.1,True,17,5,True
2026-07-11 17:16:51.382709,Adyar_Signal,13.0064,80.257,18,25,640,460,0.953375,True,2026-07-11 17:00:00,0.0,0.0,33.5,8.1,True,17,5,True
2026-07-11 17:16:58.152969,Perungudi_OMR,12.9634,80.2431,20,25,124,99,0.98,False,2026-07-11 17:00:00,0.0,0.0,33.5,8.1,True,17,5,True
2026-07-11 17:16:58.152969,Thoraipakkam_OMR,12.9407,80.235,20,20,523,523,1.0,False,2026-07-11 17:00:00,0.0,0.0,33.5,8.1,True,17,5,True
2026-07-11 17:16:58.152969,Porur,13.0381,80.1564,12,19,205,129,0.99,False,2026-07-11 17:00:00,0.0,0.0,33.5,8.1,True,17,5,True
2026-07-11 17:16:58.152969,Anna_Nagar_Roundtana,13.085,80.2101,6,19,166,52,0.993395,False,2026-07-11 17:00:00,0.0,0.0,33.5,8.1,True,17,5,True
2026-07-11 17:16:58.152969,Kelambakkam_OMR,12.7925,80.2183,42,51,1625,1338,0.999756,False,2026-07-11 17:00:00,0.0,0.0,33.5,8.1,True,17,5,True
2026-07-11 17:16:58.152969,Mylapore,13.0339,80.2698,12,18,628,419,0.776975,True,2026-07-11 17:00:00,0.0,0.0,33.5,8.1,True,17,5,True
2026-07-11 17:16:58.152969,Chromepet,12.9516,80.1462,28,38,2549,1878,1.0,False,2026-07-11 17:00:00,0.0,0.0,33.5,8.1,True,17,5,True
2026-07-11 17:16:58.152969,Tambaram,12.9249,80.1,28,28,966,966,1.0,False,2026-07-11 17:00:00,0.0,0.0,33.5,8.1,True,17,5,True
2026-07-11 17:16:58.152969,Perambur,13.1141,80.2417,18,25,1439,1036,0.994563,False,2026-07-11 17:00:00,0.0,0.0,33.5,8.1,True,17,5,True
2026-07-11 17:16:58.152969,Velachery_Junction,12.9791,80.2211,24,33,1791,1302,0.992166,False,2026-07-11 17:00:00,0.0,0.0,33.5,8.1,True,17,5,True
2026-07-11 17:16:58.152969,Central_Station,13.0827,80.2757,17,26,529,346,1.0,False,2026-07-11 17:00:00,0.0,0.0,33.5,8.1,True,17,5,True
2026-07-11 17:16:58.152969,Ashok_Nagar,13.0385,80.2107,28,35,2559,2047,0.999115,False,2026-07-11 17:00:00,0.0,0.0,33.5,8.1,True,17,5,True
2026-07-11 17:16:58.152969,Guindy,13.0067,80.2206,24,33,1791,1302,0.992166,False,2026-07-11 17:00:00,0.0,0.0,33.5,8.1,True,17,5,True
2026-07-11 17:16:58.152969,T_Nagar_Panagal,13.0418,80.2341,24,32,323,242,1.0,False,2026-07-11 17:00:00,0.0,0.0,33.5,8.1,True,17,5,True
2026-07-11 17:16:58.152969,Anna_Salai_Teynampet,13.0455,80.25,23,32,1829,1314,0.968595,True,2026-07-11 17:00:00,0.0,0.0,33.5,8.1,True,17,5,True
2026-07-11 17:16:58.152969,Kathipara,13.0107,80.2016,28,28,158,158,1.0,False,2026-07-11 17:00:00,0.0,0.0,33.5,8.1,True,17,5,True
2026-07-11 17:16:58.152969,Koyambedu,13.0694,80.1948,19,19,231,231,1.0,False,2026-07-11 17:00:00,0.0,0.0,33.5,8.1,True,17,5,True
2026-07-11 17:16:58.152969,Vadapalani,13.0503,80.2121,23,31,360,267,1.0,False,2026-07-11 17:00:00,0.0,0.0,33.5,8.1,True,17,5,True
2026-07-11 17:16:58.152969,Egmore,13.0732,80.2609,17,24,2,1,1.0,False,2026-07-11 17:00:00,0.0,0.0,33.5,8.1,True,17,5,True
2026-07-11 17:16:58.152969,Adyar_Signal,13.0064,80.257,18,25,640,460,0.953375,True,2026-07-11 17:00:00,0.0,0.0,33.5,8.1,True,17,5,True
2026-07-11 17:18:08.564425,Kelambakkam_OMR,12.7925,80.2183,43,51,1587,1338,0.999689,False,2026-07-11 17:00:00,0.0,0.0,33.5,8.1,True,17,5,True
2026-07-11 17:18:08.564425,Tambaram,12.9249,80.1,28,28,966,966,1.0,False,2026-07-11 17:00:00,0.0,0.0,33.5,8.1,True,17,5,True
2026-07-11 17:18:08.564425,Chromepet,12.9516,80.1462,27,38,2643,1878,1.0,False,2026-07-11 17:00:00,0.0,0.0,33.5,8.1,True,17,5,True
2026-07-11 17:18:08.564425,Mylapore,13.0339,80.2698,14,17,538,443,0.759374,True,2026-07-11 17:00:00,0.0,0.0,33.5,8.1,True,17,5,True
2026-07-11 17:18:08.564425,Perambur,13.1141,80.2417,19,24,1363,1079,0.994563,False,2026-07-11 17:00:00,0.0,0.0,33.5,8.1,True,17,5,True
2026-07-11 17:18:08.564425,Anna_Nagar_Roundtana,13.085,80.2101,6,14,166,71,1.0,False,2026-07-11 17:00:00,0.0,0.0,33.5,8.1,True,17,5,True
2026-07-11 17:18:08.564425,Porur,13.0381,80.1564,13,18,189,136,0.99,False,2026-07-11 17:00:00,0.0,0.0,33.5,8.1,True,17,5,True
2026-07-11 17:18:08.564425,Thoraipakkam_OMR,12.9407,80.235,20,20,523,523,1.0,False,2026-07-11 17:00:00,0.0,0.0,33.5,8.1,True,17,5,True
2026-07-11 17:18:08.564425,Perungudi_OMR,12.9634,80.2431,25,25,99,99,1.0,False,2026-07-11 17:00:00,0.0,0.0,33.5,8.1,True,17,5,True
2026-07-11 17:18:08.564425,Velachery_Junction,12.9791,80.2211,24,33,1791,1302,0.994449,False,2026-07-11 17:00:00,0.0,0.0,33.5,8.1,True,17,5,True
2026-07-11 17:18:08.564425,Ashok_Nagar,13.0385,80.2107,27,35,2654,2047,0.999229,False,2026-07-11 17:00:00,0.0,0.0,33.5,8.1,True,17,5,True
2026-07-11 17:18:08.564425,Vadapalani,13.0503,80.2121,23,31,360,267,1.0,False,2026-07-11 17:00:00,0.0,0.0,33.5,8.1,True,17,5,True
2026-07-11 17:18:08.564425,Koyambedu,13.0694,80.1948,19,19,231,231,1.0,False,2026-07-11 17:00:00,0.0,0.0,33.5,8.1,True,17,5,True
2026-07-11 17:18:08.564425,Central_Station,13.0827,80.2757,16,26,563,346,1.0,False,2026-07-11 17:00:00,0.0,0.0,33.5,8.1,True,17,5,True
2026-07-11 17:18:08.564425,Egmore,13.0732,80.2609,11,26,4,1,1.0,False,2026-07-11 17:00:00,0.0,0.0,33.5,8.1,True,17,5,True
2026-07-11 17:18:08.564425,Anna_Salai_Teynampet,13.0455,80.25,23,33,1829,1274,0.967824,True,2026-07-11 17:00:00,0.0,0.0,33.5,8.1,True,17,5,True
2026-07-11 17:18:08.564425,T_Nagar_Panagal,13.0418,80.2341,25,32,310,242,1.0,False,2026-07-11 17:00:00,0.0,0.0,33.5,8.1,True,17,5,True
2026-07-11 17:18:08.564425,Guindy,13.0067,80.2206,24,33,1791,1302,0.994449,False,2026-07-11 17:00:00,0.0,0.0,33.5,8.1,True,17,5,True
2026-07-11 17:18:08.564425,Kathipara,13.0107,80.2016,28,28,158,158,1.0,False,2026-07-11 17:00:00,0.0,0.0,33.5,8.1,True,17,5,True
2026-07-11 17:18:08.564425,Adyar_Signal,13.0064,80.257,16,25,720,460,0.955046,True,2026-07-11 17:00:00,0.0,0.0,33.5,8.1,True,17,5,True
2026-07-11 17:18:57.850739,Perungudi_OMR,12.9634,80.2431,25,25,99,99,1.0,False,2026-07-11 17:00:00,0.0,0.0,33.5,8.1,True,17,5,True
2026-07-11 17:18:57.850739,Thoraipakkam_OMR,12.9407,80.235,20,20,523,523,1.0,False,2026-07-11 17:00:00,0.0,0.0,33.5,8.1,True,17,5,True
2026-07-11 17:18:57.850739,Porur,13.0381,80.1564,14,18,175,136,0.99,False,2026-07-11 17:00:00,0.0,0.0,33.5,8.1,True,17,5,True
2026-07-11 17:18:57.850739,Anna_Nagar_Roundtana,13.085,80.2101,6,15,166,66,0.99,False,2026-07-11 17:00:00,0.0,0.0,33.5,8.1,True,17,5,True
2026-07-11 17:18:57.850739,Tambaram,12.9249,80.1,28,28,966,966,1.0,False,2026-07-11 17:00:00,0.0,0.0,33.5,8.1,True,17,5,True
2026-07-11 17:18:57.850739,Mylapore,13.0339,80.2698,14,17,538,443,0.746481,True,2026-07-11 17:00:00,0.0,0.0,33.5,8.1,True,17,5,True
2026-07-11 17:18:57.850739,Chromepet,12.9516,80.1462,27,38,2643,1878,1.0,False,2026-07-11 17:00:00,0.0,0.0,33.5,8.1,True,17,5,True
2026-07-11 17:18:57.850739,Kelambakkam_OMR,12.7925,80.2183,43,51,1587,1338,0.999697,False,2026-07-11 17:00:00,0.0,0.0,33.5,8.1,True,17,5,True
2026-07-11 17:18:57.850739,Perambur,13.1141,80.2417,20,25,1295,1036,0.994965,False,2026-07-11 17:00:00,0.0,0.0,33.5,8.1,True,17,5,True
2026-07-11 17:18:57.850739,Velachery_Junction,12.9791,80.2211,24,33,1791,1302,0.994449,False,2026-07-11 17:00:00,0.0,0.0,33.5,8.1,True,17,5,True
2026-07-11 17:18:57.850739,Kathipara,13.0107,80.2016,24,28,185,158,0.991146,False,2026-07-11 17:00:00,0.0,0.0,33.5,8.1,True,17,5,True
2026-07-11 17:18:57.850739,Ashok_Nagar,13.0385,80.2107,27,35,2654,2047,0.999229,False,2026-07-11 17:00:00,0.0,0.0,33.5,8.1,True,17,5,True
2026-07-11 17:18:57.850739,Guindy,13.0067,80.2206,24,32,1791,1343,0.99471,False,2026-07-11 17:00:00,0.0,0.0,33.5,8.1,True,17,5,True
2026-07-11 17:18:57.850739,T_Nagar_Panagal,13.0418,80.2341,26,31,298,250,1.0,False,2026-07-11 17:00:00,0.0,0.0,33.5,8.1,True,17,5,True
2026-07-11 17:18:57.850739,Anna_Salai_Teynampet,13.0455,80.25,22,33,1912,1274,0.968595,True,2026-07-11 17:00:00,0.0,0.0,33.5,8.1,True,17,5,True
2026-07-11 17:18:57.850739,Adyar_Signal,13.0064,80.257,17,25,677,460,0.955046,True,2026-07-11 17:00:00,0.0,0.0,33.5,8.1,True,17,5,True
2026-07-11 17:18:57.850739,Central_Station,13.0827,80.2757,18,26,500,346,1.0,False,2026-07-11 17:00:00,0.0,0.0,33.5,8.1,True,17,5,True
2026-07-11 17:18:57.850739,Koyambedu,13.0694,80.1948,19,19,231,231,1.0,False,2026-07-11 17:00:00,0.0,0.0,33.5,8.1,True,17,5,True
2026-07-11 17:18:57.850739,Vadapalani,13.0503,80.2121,23,31,360,267,1.0,False,2026-07-11 17:00:00,0.0,0.0,33.5,8.1,True,17,5,True
2026-07-11 17:18:57.850739,Egmore,13.0732,80.2609,11,26,4,1,1.0,False,2026-07-11 17:00:00,0.0,0.0,33.5,8.1,True,17,5,True
2026-07-11 17:20:25.318261,Perungudi_OMR,12.9634,80.2431,25,25,99,99,1.0,False,2026-07-11 17:00:00,0.0,0.0,33.5,8.1,True,17,5,True
2026-07-11 17:20:25.318261,Kelambakkam_OMR,12.7925,80.2183,44,51,1551,1338,0.999697,False,2026-07-11 17:00:00,0.0,0.0,33.5,8.1,True,17,5,True
2026-07-11 17:20:25.318261,Chromepet,12.9516,80.1462,28,38,2549,1878,1.0,False,2026-07-11 17:00:00,0.0,0.0,33.5,8.1,True,17,5,True
2026-07-11 17:20:25.318261,Mylapore,13.0339,80.2698,15,17,503,443,0.778942,True,2026-07-11 17:00:00,0.0,0.0,33.5,8.1,True,17,5,True
2026-07-11 17:20:25.318261,Perambur,13.1141,80.2417,20,25,1295,1036,0.992192,False,2026-07-11 17:00:00,0.0,0.0,33.5,8.1,True,17,5,True
2026-07-11 17:20:25.318261,Anna_Nagar_Roundtana,13.085,80.2101,7,14,142,71,1.0,False,2026-07-11 17:00:00,0.0,0.0,33.5,8.1,True,17,5,True
2026-07-11 17:20:25.318261,Porur,13.0381,80.1564,19,19,129,129,1.0,False,2026-07-11 17:00:00,0.0,0.0,33.5,8.1,True,17,5,True
2026-07-11 17:20:25.318261,Thoraipakkam_OMR,12.9407,80.235,20,20,523,523,1.0,False,2026-07-11 17:00:00,0.0,0.0,33.5,8.1,True,17,5,True
2026-07-11 17:20:25.318261,Tambaram,12.9249,80.1,28,28,966,966,1.0,False,2026-07-11 17:00:00,0.0,0.0,33.5,8.1,True,17,5,True
2026-07-11 17:20:25.318261,Velachery_Junction,12.9791,80.2211,23,33,1869,1302,0.993714,False,2026-07-11 17:00:00,0.0,0.0,33.5,8.1,True,17,5,True
2026-07-11 17:20:25.318261,Kathipara,13.0107,80.2016,24,28,185,158,0.995573,False,2026-07-11 17:00:00,0.0,0.0,33.5,8.1,True,17,5,True
2026-07-11 17:20:25.318261,Ashok_Nagar,13.0385,80.2107,27,35,2654,2047,0.999229,False,2026-07-11 17:00:00,0.0,0.0,33.5,8.1,True,17,5,True
2026-07-11 17:20:25.318261,Vadapalani,13.0503,80.2121,22,30,376,276,1.0,False,2026-07-11 17:00:00,0.0,0.0,33.5,8.1,True,17,5,True
2026-07-11 17:20:25.318261,Koyambedu,13.0694,80.1948,19,19,231,231,1.0,False,2026-07-11 17:00:00,0.0,0.0,33.5,8.1,True,17,5,True
2026-07-11 17:20:25.318261,Central_Station,13.0827,80.2757,17,26,529,346,1.0,False,2026-07-11 17:00:00,0.0,0.0,33.5,8.1,True,17,5,True
2026-07-11 17:20:25.318261,Egmore,13.0732,80.2609,15,24,3,1,1.0,False,2026-07-11 17:00:00,0.0,0.0,33.5,8.1,True,17,5,True
2026-07-11 17:20:25.318261,Anna_Salai_Teynampet,13.0455,80.25,23,33,1829,1274,0.967966,True,2026-07-11 17:00:00,0.0,0.0,33.5,8.1,True,17,5,True
2026-07-11 17:20:25.318261,T_Nagar_Panagal,13.0418,80.2341,26,31,298,250,1.0,False,2026-07-11 17:00:00,0.0,0.0,33.5,8.1,True,17,5,True
2026-07-11 17:20:25.318261,Guindy,13.0067,80.2206,23,33,1869,1302,0.994718,False,2026-07-11 17:00:00,0.0,0.0,33.5,8.1,True,17,5,True
2026-07-11 17:20:25.318261,Adyar_Signal,13.0064,80.257,17,25,677,460,0.955043,True,2026-07-11 17:00:00,0.0,0.0,33.5,8.1,True,17,5,True
2026-07-11 17:40:25.590119,Perungudi_OMR,12.9634,80.2431,25,25,99,99,1.0,False,2026-07-11 17:00:00,0.0,0.0,33.5,8.1,True,17,5,True
2026-07-11 17:40:25.590119,Thoraipakkam_OMR,12.9407,80.235,20,20,523,523,1.0,False,2026-07-11 17:00:00,0.0,0.0,33.5,8.1,True,17,5,True
2026-07-11 17:40:25.590119,Kelambakkam_OMR,12.7925,80.2183,41,50,1664,1365,0.998749,False,2026-07-11 17:00:00,0.0,0.0,33.5,8.1,True,17,5,True
2026-07-11 17:40:25.590119,Porur,13.0381,80.1564,11,18,223,136,0.98,False,2026-07-11 17:00:00,0.0,0.0,33.5,8.1,True,17,5,True
2026-07-11 17:40:25.590119,Tambaram,12.9249,80.1,28,28,966,966,1.0,False,2026-07-11 17:00:00,0.0,0.0,33.5,8.1,True,17,5,True
2026-07-11 17:40:25.590119,Perambur,13.1141,80.2417,18,24,1439,1079,0.99237,False,2026-07-11 17:00:00,0.0,0.0,33.5,8.1,True,17,5,True
2026-07-11 17:40:25.590119,Mylapore,13.0339,80.2698,14,17,538,443,0.787855,True,2026-07-11 17:00:00,0.0,0.0,33.5,8.1,True,17,5,True
2026-07-11 17:40:25.590119,Chromepet,12.9516,80.1462,29,38,2461,1878,1.0,False,2026-07-11 17:00:00,0.0,0.0,33.5,8.1,True,17,5,True
2026-07-11 17:40:25.590119,Anna_Nagar_Roundtana,13.085,80.2101,7,16,142,62,0.99,False,2026-07-11 17:00:00,0.0,0.0,33.5,8.1,True,17,5,True
2026-07-11 17:40:25.590119,Velachery_Junction,12.9791,80.2211,24,33,1791,1302,0.99729,False,2026-07-11 17:00:00,0.0,0.0,33.5,8.1,True,17,5,True
2026-07-11 17:40:25.590119,Central_Station,13.0827,80.2757,16,26,563,346,1.0,False,2026-07-11 17:00:00,0.0,0.0,33.5,8.1,True,17,5,True
2026-07-11 17:40:25.590119,Ashok_Nagar,13.0385,80.2107,28,35,2559,2047,0.999102,False,2026-07-11 17:00:00,0.0,0.0,33.5,8.1,True,17,5,True
2026-07-11 17:40:25.590119,Vadapalani,13.0503,80.2121,21,31,394,267,1.0,False,2026-07-11 17:00:00,0.0,0.0,33.5,8.1,True,17,5,True
2026-07-11 17:40:25.590119,Koyambedu,13.0694,80.1948,16,18,274,243,0.940235,False,2026-07-11 17:00:00,0.0,0.0,33.5,8.1,True,17,5,True
2026-07-11 17:40:25.590119,Egmore,13.0732,80.2609,11,24,4,1,1.0,False,2026-07-11 17:00:00,0.0,0.0,33.5,8.1,True,17,5,True
2026-07-11 17:40:25.590119,Anna_Salai_Teynampet,13.0455,80.25,21,32,2003,1314,0.968595,True,2026-07-11 17:00:00,0.0,0.0,33.5,8.1,True,17,5,True
2026-07-11 17:40:25.590119,T_Nagar_Panagal,13.0418,80.2341,27,32,287,242,1.0,False,2026-07-11 17:00:00,0.0,0.0,33.5,8.1,True,17,5,True
2026-07-11 17:40:25.590119,Guindy,13.0067,80.2206,24,33,1791,1302,0.99729,False,2026-07-11 17:00:00,0.0,0.0,33.5,8.1,True,17,5,True
2026-07-11 17:40:25.590119,Kathipara,13.0107,80.2016,28,28,158,158,1.0,False,2026-07-11 17:00:00,0.0,0.0,33.5,8.1,True,17,5,True
2026-07-11 17:40:25.590119,Adyar_Signal,13.0064,80.257,13,25,886,460,0.954256,True,2026-07-11 17:00:00,0.0,0.0,33.5,8.1,True,17,5,True
2026-07-11 18:05:25.303510,Tambaram,12.9249,80.1,23,28,1177,966,0.992464,False,2026-07-11 18:00:00,0.0,0.0,31.3,12.6,True,18,5,True
2026-07-11 18:05:25.303510,Perungudi_OMR,12.9634,80.2431,14,25,177,99,0.99,False,2026-07-11 18:00:00,0.0,0.0,31.3,12.6,True,18,5,True
2026-07-11 18:05:25.303510,Thoraipakkam_OMR,12.9407,80.235,20,20,523,523,1.0,False,2026-07-11 18:00:00,0.0,0.0,31.3,12.6,True,18,5,True
2026-07-11 18:05:25.303510,Mylapore,13.0339,80.2698,14,17,538,443,0.834674,True,2026-07-11 18:00:00,0.0,0.0,31.3,12.6,True,18,5,True
2026-07-11 18:05:25.303510,Anna_Nagar_Roundtana,13.085,80.2101,6,16,166,62,0.98,False,2026-07-11 18:00:00,0.0,0.0,31.3,12.6,True,18,5,True
2026-07-11 18:05:25.303510,Perambur,13.1141,80.2417,19,25,1363,1036,0.997112,False,2026-07-11 18:00:00,0.0,0.0,31.3,12.6,True,18,5,True
2026-07-11 18:05:25.303510,Velachery_Junction,12.9791,80.2211,23,33,1869,1302,0.997969,False,2026-07-11 18:00:00,0.0,0.0,31.3,12.6,True,18,5,True
2026-07-11 18:05:25.303510,Porur,13.0381,80.1564,15,19,164,129,0.99,False,2026-07-11 18:00:00,0.0,0.0,31.3,12.6,True,18,5,True
2026-07-11 18:05:25.303510,Adyar_Signal,13.0064,80.257,14,24,822,480,0.955941,True,2026-07-11 18:00:00,0.0,0.0,31.3,12.6,True,18,5,True
2026-07-11 18:05:25.303510,Central_Station,13.0827,80.2757,16,27,563,333,1.0,False,2026-07-11 18:00:00,0.0,0.0,31.3,12.6,True,18,5,True
2026-07-11 18:05:25.303510,Vadapalani,13.0503,80.2121,24,30,345,276,1.0,False,2026-07-11 18:00:00,0.0,0.0,31.3,12.6,True,18,5,True
2026-07-11 18:05:25.303510,Koyambedu,13.0694,80.1948,19,19,231,231,1.0,False,2026-07-11 18:00:00,0.0,0.0,31.3,12.6,True,18,5,True
2026-07-11 18:05:25.303510,Egmore,13.0732,80.2609,20,25,2,1,1.0,False,2026-07-11 18:00:00,0.0,0.0,31.3,12.6,True,18,5,True
2026-07-11 18:05:25.303510,Anna_Salai_Teynampet,13.0455,80.25,21,33,2003,1274,0.967966,True,2026-07-11 18:00:00,0.0,0.0,31.3,12.6,True,18,5,True
2026-07-11 18:05:25.303510,T_Nagar_Panagal,13.0418,80.2341,23,32,337,242,1.0,False,2026-07-11 18:00:00,0.0,0.0,31.3,12.6,True,18,5,True
2026-07-11 18:05:25.303510,Guindy,13.0067,80.2206,23,33,1869,1302,0.997969,False,2026-07-11 18:00:00,0.0,0.0,31.3,12.6,True,18,5,True
2026-07-11 18:05:25.303510,Kathipara,13.0107,80.2016,24,27,185,164,0.997313,False,2026-07-11 18:00:00,0.0,0.0,31.3,12.6,True,18,5,True
2026-07-11 18:05:25.303510,Chromepet,12.9516,80.1462,29,38,2461,1878,1.0,False,2026-07-11 18:00:00,0.0,0.0,31.3,12.6,True,18,5,True
2026-07-11 18:05:25.303510,Ashok_Nagar,13.0385,80.2107,27,35,2654,2047,1.0,False,2026-07-11 18:00:00,0.0,0.0,31.3,12.6,True,18,5,True
2026-07-11 18:05:25.303510,Kelambakkam_OMR,12.7925,80.2183,39,51,1750,1338,0.997396,False,2026-07-11 18:00:00,0.0,0.0,31.3,12.6,True,18,5,True
